id,title,country,indicator,ticker,comment,category,period,referenceDate,source,source_url,actual,previous,forecast,actualRaw,previousRaw,forecastRaw,currency,unit,importance,date,timestamp_captura
421311,RBA Hunter Speech,AU,Interest Rate,ECONOMICS:AUINTR,"In Australia, interest rates decisions are taken by the Reserve Bank of Australia's Board. The official interest rate is the cash rate. The cash rate is the rate charged on overnight loans between financial intermediaries, is determined in the money market as a result of the interaction of demand for and supply of overnight funds.",mny,,,Reserve Bank,http://www.rba.gov.au/,,,,,,,AUD,,0,2026-09-14T02:30:00.000Z,2026-09-13T18:10:47.976743+00:00
401456,Capacity Utilization MoM,JP,Capacity Utilization,ECONOMICS:JPCU,"In Japan, capacity utilization is the quantity of production divided by the quantity of production capacity, expressing the state of operations for various facilities in the manufacturing industry. It does not measure the absolute level of capacity utilization but the relative capacity utilization rate compared with the benchmark year.",bsnss,Jul,2026-07-31T00:00:00Z,Ministry of Economy Trade and Industry (METI),https://www.meti.go.jp,,4.1,,,4.1,,JPY,%,-1,2026-09-14T04:30:00.000Z,2026-09-13T18:10:47.976806+00:00
403228,Industrial Production MoM Final,JP,Industrial Production Mom,ECONOMICS:JPIPMM,"In Japan, industrial production measures the output of businesses integrated in industrial sector of the economy such as manufacturing, mining, and utilities.",bsnss,Jul,2026-07-31T00:00:00Z,Ministry of Economy Trade and Industry (METI),http://www.meti.go.jp,,1.9,0.1,,1.9,0.1,JPY,%,-1,2026-09-14T04:30:00.000Z,2026-09-13T18:10:47.976832+00:00
402316,Industrial Production YoY Final,JP,Industrial Production,ECONOMICS:JPIPYY,"In Japan, industrial production measures the output of businesses integrated in industrial sector of the economy such as manufacturing, mining, and utilities.",bsnss,Jul,2026-07-31T00:00:00Z,Ministry of Economy Trade and Industry (METI),http://www.meti.go.jp,,4.9,,,4.9,,JPY,%,-1,2026-09-14T04:30:00.000Z,2026-09-13T18:10:47.976852+00:00
405023,Producer & Import Prices YoY,CH,Producer Prices Change,ECONOMICS:CHPPIYY,"In Switzerland, the Producer Price Index (PPI) is officially named “Producer and Import Price Index”.  Producer price index measures the price development of goods that are produced and sold by enterprises operating within the country and the import price index measures the price development of imported goods. Only domestic sales are considered for the producer price index when combining the indices.",prce,Aug,2026-08-31T00:00:00Z,Federal Statistical Office,https://www.bfs.admin.ch,,-2.1,,,-2.1,,CHF,%,-1,2026-09-14T06:30:00.000Z,2026-09-13T18:10:47.976921+00:00
408754,Producer & Import Prices MoM,CH,Producer Price Inflation MoM,ECONOMICS:CHPPIMM,"In Switzerland, the producer price index (which measures the price development of goods that are produced and sold by enterprises operating within the country) and the import price index (which measures the price development of imported goods) are combined into the price index for the whole range of goods. Only domestic sales are considered for the producer price index when combining the indices.",prce,Aug,2026-08-31T00:00:00Z,Federal Statistical Office,https://www.bfs.admin.ch,,-0.1,0.1,,-0.1,0.1,CHF,%,-1,2026-09-14T06:30:00.000Z,2026-09-13T18:10:47.976942+00:00
402413,New Yuan Loans,CN,New Bank Loans,,"In China, new yuan loans refer to financial institutions Renminbi credit funds balance sheet. They represent more than four-fifths of all loans.",mny,Aug,2026-08-31T00:00:00Z,Central Bank,http://www.pbc.gov.cn/,,-340.0,400.0,,-340000000000.0,400000000000.0,CNY,CNY,0,2026-09-14T09:00:00.000Z,2026-09-13T18:10:47.976961+00:00
403234,M2 Money Supply YoY,CN,Money Supply M2,ECONOMICS:CNM2,China Money Supply M2 includes M1 plus short-term time deposits in banks.,mny,Aug,2026-08-31T00:00:00Z,Central Bank,http://www.pbc.gov.cn/,,7.7,7.6,,7.7,7.6,CNY,%,-1,2026-09-14T09:00:00.000Z,2026-09-13T18:10:47.976978+00:00
402347,Outstanding Loan Growth YoY,CN,Loan Growth,ECONOMICS:CNLG,"In China, outstanding loan growth refers to year over year change in total amount of loans in domestic currency provided by the financial institutions. It includes off-balance sheet forms of financing that exist outside the conventional bank lending system, such as initial public offerings, loans from trust companies and bond sales.",mny,Aug,2026-08-31T00:00:00Z,Central Bank,http://www.pbc.gov.cn,,5.1,5.1,,5.1,5.1,CNY,%,-1,2026-09-14T09:00:00.000Z,2026-09-13T18:10:47.976995+00:00
400932,Total Social Financing,CN,Total Social Financing,,"In China, Total Social Financing refers to the volume of financing provided by the financial system to the real economy (domestic non-financial enterprises and households) during a certain period of time. Total social financing is a broad measure of credit and liquidity in the economy as it includes off-balance sheet forms of financing such as initial public offerings, loans from trust companies and bond sales.",mny,Aug,2026-08-31T00:00:00Z,Central Bank,http://www.pbc.gov.cn/,,1410.0,2040.0,,1410000000000.0,2040000000000.0,CNY,CNY,-1,2026-09-14T09:00:00.000Z,2026-09-13T18:10:47.977014+00:00
417522,6-Month Bubill Auction,DE,6 Month Bill Yield,,,bnd,,,,,,2.502,,,2.502,,EUR,%,-1,2026-09-14T09:30:00.000Z,2026-09-13T18:10:47.977033+00:00
417534,12-Month Bubill Auction,DE,52 Week Bill Yield,,,bnd,,,Department of Treasury,https://www.deutsche-finanzagentur.de,,2.656,,,2.656,,EUR,%,-1,2026-09-14T09:30:00.000Z,2026-09-13T18:10:47.977051+00:00
407628,CPI Trimmed-Mean YoY,CA,CPI Trimmed-Mean,ECONOMICS:CACPITM,"CPI Trimmed is a measure of core inflation that excludes CPI components whose rates of change in a given month are located in the tails of the distribution of price changes. This measure helps filter out extreme price movements that might be caused by factors specific to certain components. In particular, CPI-trim excludes 20 percent of the weighted monthly price variations at both the bottom and top of the distribution of price changes, and thus it always removes 40 percent of the total CPI basket.",prce,Aug,2026-08-31T00:00:00Z,Central Bank,,,1.9,1.9,,1.9,1.9,CAD,%,-1,2026-09-14T12:30:00.000Z,2026-09-13T18:10:47.977068+00:00
413907,Core Inflation Rate MoM,CA,Core Inflation Rate MoM,,,prce,Aug,2026-08-31T00:00:00Z,Statistics Canada,https://www.statcan.gc.ca,,0.2,0.2,,0.2,0.2,CAD,%,-1,2026-09-14T12:30:00.000Z,2026-09-13T18:10:47.977085+00:00
418847,CPI Common YoY,CA,CPI-Common,,"The CPI Common is a measure of core inflation in Canada, along with the CPI Median and the CPI Trimmed-Mean, that aims to gauge underlying inflation in the Canadian economy. The index tracks common changes across categories in the CPI basket. It uses a factor model to detect common variations, which helps filter out price movements that might be caused by factors specific to certain components.",prce,Aug,2026-08-31T00:00:00Z,Central Bank,,,2.7,2.7,,2.7,2.7,CAD,%,-1,2026-09-14T12:30:00.000Z,2026-09-13T18:10:47.977102+00:00
420455,Capacity Utilization,CA,Capacity Utilization,ECONOMICS:CACU,The rates of capacity utilization are measures of the intensity with which industries use their production capacity. Capacity utilization is the percentage of actual to potential output.,bsnss,Jul,2026-07-31T00:00:00Z,Statistics Canada,https://www.statcan.gc.ca,,82.3,,,82.3,,CAD,%,-1,2026-09-14T12:30:00.000Z,2026-09-13T18:10:47.977119+00:00
407166,CPI Median YoY,CA,CPI Median,ECONOMICS:CACPIM,"CPI median is a measure of core inflation corresponding to the price change located at the 50th percentile (in terms of the CPI basket weights) of the distribution of price changes in a given month. This measure helps filter out extreme price movements specific to certain components. This approach is similar to CPI-trim as it eliminates all the weighted monthly price variations at both the bottom and top of the distribution of price changes in any given month, except the price change for the component that is the midpoint of that distribution.",prce,Aug,2026-08-31T00:00:00Z,Central Bank,,,2.0,2.0,,2.0,2.0,CAD,%,-1,2026-09-14T12:30:00.000Z,2026-09-13T18:10:47.977137+00:00
412392,Inflation Rate MoM,CA,Inflation Rate Mom,ECONOMICS:CAIRMM,Inflation Rate MoM measures month over month change in the price of goods and services.,prce,Aug,2026-08-31T00:00:00Z,Statistics Canada,https://www.statcan.gc.ca,,0.5,0.0,,0.5,0.0,CAD,%,0,2026-09-14T12:30:00.000Z,2026-09-13T18:10:47.977154+00:00
404789,Core Inflation Rate YoY,CA,Core Inflation Rate,ECONOMICS:CACIR,"In Canada, the core inflation rate tracks changes in prices that consumers pay for a basket of goods which excludes eight of the most volatile components identified by the Bank of Canada including: fruit, fruit preparations and nuts; vegetables and vegetable preparations; mortgage interest cost; natural gas; fuel oil and other fuels; gasoline; inter-city transportation; and tobacco products and smokers' supplies. It also excludes the effect of changes in indirect taxes.",prce,Aug,2026-08-31T00:00:00Z,Statistics Canada,https://www.statcan.gc.ca,,2.3,,,2.3,,CAD,%,0,2026-09-14T12:30:00.000Z,2026-09-13T18:10:47.977171+00:00
403993,Inflation Rate YoY,CA,Inflation Rate,ECONOMICS:CAIRYY,"In Canada, the most important categories in the CPI basket are Shelter (30 percent of the total weight) and Transportation (17 percent).  Food accounts for 16 percent; Household Operations, Furnishings and Equipment for 15 percent; Recreation, Education and Reading for 9 percent; Health and Personal Care for 5 percent; Alcoholic Beverages and Tobacco Products for 5 percent and Clothing and Footwear for the remaining 4 percent. The CPI basket is reviewed every four years on the basis of household surveys. The current weights are based on spending patterns in 2002.",prce,Aug,2026-08-31T00:00:00Z,Statistics Canada,http://www.statcan.gc.ca,,3.0,,,3.0,,CAD,%,1,2026-09-14T12:30:00.000Z,2026-09-13T18:10:47.977188+00:00
403789,Manufacturing Sales MoM Final,CA,Manufacturing Sales,ECONOMICS:CAMS,"In Canada, Manufacturing Sales provides a current 'snapshot' of sales of goods manufactured values by the Canadian manufacturing sector, enabling analysis of the state of the Canadian economy, as well as the health of specific industries in the short- to medium-term.",bsnss,Jul,2026-07-31T00:00:00Z,Statistics Canada,https://www150.statcan.gc.ca,,0.1,-0.2,,0.1,-0.2,CAD,%,-1,2026-09-14T12:30:00.000Z,2026-09-13T18:10:47.977205+00:00
396790,3-Month BTF Auction,FR,3 Month Bill Yield,,,bnd,,,Agence Trésor,https://www.aft.gouv.fr,,2.54,,,2.54,,EUR,%,-1,2026-09-14T13:00:00.000Z,2026-09-13T18:10:47.977222+00:00
396792,12-Month BTF Auction,FR,52 Week Bill Yield,,,bnd,,,Agence Trésor,https://www.investing.com,,2.94,,,2.94,,EUR,%,-1,2026-09-14T13:00:00.000Z,2026-09-13T18:10:47.977239+00:00
396791,6-Month BTF Auction,FR,6 Month Bill Yield,,,bnd,,,Agence Trésor,https://www.aft.gouv.fr,,2.72,,,2.72,,EUR,%,-1,2026-09-14T13:00:00.000Z,2026-09-13T18:10:47.977256+00:00
396794,3-Month Bill Auction,US,3 Month Bill Yield,,,bnd,,,Federal Reserve,http://www.treasurydirect.gov,,3.8,,,3.8,,USD,%,-1,2026-09-14T15:30:00.000Z,2026-09-13T18:10:47.977273+00:00
396793,6-Month Bill Auction,US,6 Month Bill Yield,,,bnd,,,Federal Reserve,http://www.treasurydirect.gov,,3.89,,,3.89,,USD,%,-1,2026-09-14T15:30:00.000Z,2026-09-13T18:10:47.977290+00:00
402501,House Price Index YoY,CN,Housing Index,ECONOMICS:CNHPI,"In China, Housing Index is measured by year-over-year change in the index of newly built residential buildings in 70 medium and large cities. The index is calculated in weighted average method and the weight of each city is based on the population.",hse,Aug,2026-08-31T00:00:00Z,National Bureau of Statistics,http://www.stats.gov.cn/,,-3.2,,,-3.2,,CNY,%,0,2026-09-15T01:30:00.000Z,2026-09-13T18:10:47.977307+00:00
400859,Industrial Production YoY,CN,Industrial Production,ECONOMICS:CNIPYY,"In China, industrial production measures the output of businesses integrated in industrial sector of the economy such as manufacturing, mining, and utilities.",bsnss,Aug,2026-08-31T00:00:00Z,National Bureau of Statistics,http://www.stats.gov.cn/,,4.5,4.8,,4.5,4.8,CNY,%,1,2026-09-15T02:00:00.000Z,2026-09-13T18:10:47.977324+00:00
403302,Retail Sales YoY,CN,Retail Sales YoY,ECONOMICS:CNRSYY,"In China, the year-over-year change in Retail sales compares the aggregated sales of retail goods and services during a certain month to the same month a year ago.",cnsm,Aug,2026-08-31T00:00:00Z,National Bureau of Statistics,http://www.stats.gov.cn/,,0.6,0.8,,0.6,0.8,CNY,%,1,2026-09-15T02:00:00.000Z,2026-09-13T18:10:47.977341+00:00
400267,Unemployment Rate,CN,Unemployment Rate,ECONOMICS:CNUR,"In China, Urban Surveyed Unemployment Rate is calculated by a sample survey, which refers to the ratio of urban unemployed population to the sum of the employed population and the unemployed population.",lbr,Aug,2026-08-31T00:00:00Z,National Bureau of Statistics,http://www.stats.gov.cn/,,5.2,5.2,,5.2,5.2,CNY,%,-1,2026-09-15T02:00:00.000Z,2026-09-13T18:10:47.977358+00:00
403525,Fixed Asset Investment (YTD) YoY,CN,Fixed Asset Investment,ECONOMICS:CNFAI,"In China, urban investment in fixed assets is one of the main measures of capital spending. It refers to investment in construction projects with a total planned investment of 5 million yuan; machinery and equipment and real estate development in both urban and rural areas. It refers to investment made by state-owned enterprises and private businesses, institutions or individuals.",mny,Aug,2026-08-31T00:00:00Z,National Bureau of Statistics,http://www.stats.gov.cn/,,-6.7,-7.1,,-6.7,-7.1,CNY,%,0,2026-09-15T02:00:00.000Z,2026-09-13T18:10:47.977375+00:00
420807,20-Year JGB Auction,JP,20 Year Bond Yield,,,bnd,,,,,,3.698,,,3.698,,JPY,%,-1,2026-09-15T03:35:00.000Z,2026-09-13T18:10:47.977393+00:00
400988,Tertiary Industry Index MoM,JP,Tertiary Industry Index,ECONOMICS:JPTII,"The activity index of the tertiary industry helps to understand an overall picture of industrial activities, inclusive of all business categories in the tertiary industry. The composite index is a general indicator in which the indexes to express the activity in respective business categories are consolidated with weight in terms of the scale of relative importance of each business category (value added). Wholesale Trade is the most important sector and accounts for 15 percent of tertiary activity, followed by Medical, Health Care & Welfare and Living & Amusement-related Services (12 percent each), Information & Communications (11 percent), Retail Trade and Transport & Postal Activities (10 percent each), Finance and Insurance (9 percent), Real Estate (8 percent), Business-related Services (7 percent), and Electricity, Gas, Heat Supply & Water and Goods Rental and Leasing (3 percent each).",bsnss,Jul,2026-07-31T00:00:00Z,Ministry of Economy Trade and Industry (METI),https://www.meti.go.jp,,-0.2,0.4,,-0.2,0.4,JPY,%,-1,2026-09-15T04:30:00.000Z,2026-09-13T18:10:47.977410+00:00
399769,Average Earnings incl. Bonus (3Mo/Yr),GB,Wage Growth,ECONOMICS:GBWG,"In the United Kingdom, wage growth refers to changes in average weekly earnings, before tax and other deductions and including bonuses. The series measures the three-month average growth rate.",lbr,Jul,2026-07-31T00:00:00Z,Office for National Statistics,http://www.ons.gov.uk/,,4.1,3.9,,4.1,3.9,GBP,%,0,2026-09-15T06:00:00.000Z,2026-09-13T18:10:47.977427+00:00
399385,Employment Change,GB,Employment Change,ECONOMICS:GBEMC,"In the United Kingdom, employment change refers to the 3-month moving average compared to the previous period in the number of people in employment aged 16 and over.",lbr,Jul,2026-07-31T00:00:00Z,Office for National Statistics,http://www.ons.gov.uk/,,83.0,,,83000.0,,GBP,,0,2026-09-15T06:00:00.000Z,2026-09-13T18:10:47.977445+00:00
399842,Average Earnings excl. Bonus (3Mo/Yr),GB,Average Earnings Excluding Bonus,,"In the United Kingdom, Average Earnings Excluding Bonuses refers to changes in average weekly earnings, before tax and other deductions and excluding bonuses.",lbr,Jul,2026-07-31T00:00:00Z,Office for National Statistics,http://www.ons.gov.uk/,,3.5,3.5,,3.5,3.5,GBP,%,-1,2026-09-15T06:00:00.000Z,2026-09-13T18:10:47.977463+00:00
399506,HMRC Payrolls Change,GB,Non Farm Payrolls,ECONOMICS:GBNFP,"In the UK, the number of payrolled employees is defined as the number of people receiving paid remuneration included in PAYE RTI within the reference period, including people who have not done work but are an employee - such as those on paid leave.",lbr,Aug,2026-08-31T00:00:00Z,Office for National Statistics,http://www.ons.gov.uk/,,-13.0,,,-13000.0,,GBP,,-1,2026-09-15T06:00:00.000Z,2026-09-13T18:10:47.977480+00:00
400955,Wholesale Prices MoM,DE,Wholesale Prices MoM,ECONOMICS:DEWPIMM,"The index of wholesale prices measures the development of prices of goods sold by wholesalers within Germany to the extent that such sales are included under wholesale, such as contracts concluded with resellers, processors or other bulk purchasers. This may refer to goods produced in Germany or to imported goods. Excluded are sales from producers direct to retailers or final consumers.",prce,Aug,2026-08-31T00:00:00Z,Federal Statistical Office,https://www.destatis.de,,0.2,0.1,,0.2,0.1,EUR,%,0,2026-09-15T06:00:00.000Z,2026-09-13T18:10:47.977496+00:00
399442,Claimant Count Change,GB,Claimant Count Change,ECONOMICS:GBCCC,Claimant count in the United Kingdom measures the change in the number of people claiming unemployment related benefits.,lbr,Aug,2026-08-31T00:00:00Z,Office for National Statistics,http://www.ons.gov.uk/,,-11.0,8.3,,-11000.0,8300.0,GBP,,-1,2026-09-15T06:00:00.000Z,2026-09-13T18:10:47.977513+00:00
402870,Wholesale Prices YoY,DE,Wholesale Prices YoY,ECONOMICS:DEWPIYY,"The index of wholesale prices measures the development of prices of goods sold by wholesalers within Germany to the extent that such sales are included under wholesale, such as contracts concluded with resellers, processors or other bulk purchasers. This may refer to goods produced in Germany or to imported goods. Excluded are sales from producers direct to retailers or final consumers.",prce,Aug,2026-08-31T00:00:00Z,Federal Statistical Office,https://www.destatis.de,,5.3,,,5.3,,EUR,%,0,2026-09-15T06:00:00.000Z,2026-09-13T18:10:47.977530+00:00
399588,Unemployment Rate,GB,Unemployment Rate,ECONOMICS:GBUR,"In the United Kingdom, the headline unemployment rate is the number of unemployed people (aged 16+) divided by the economically active population (aged 16+).",lbr,Jul,2026-07-31T00:00:00Z,Office for National Statistics,http://www.ons.gov.uk/,,4.9,5.0,,4.9,5.0,GBP,%,1,2026-09-15T06:00:00.000Z,2026-09-13T18:10:47.977546+00:00
401502,Inflation Rate YoY Final,FR,Inflation Rate,ECONOMICS:FRIRYY,"In France, the most important category in the consumer price index is services (48 percent of total weight), in particular rents, water and garbage collection (8 percent), health services (7 percent), transport (2 percent), and communication (2 percent). The index also includes: manufactured products (24 percent) such as medical products (4 percent) and clothing and footwear (3 percent); food (16 percent); energy (9 percent) such as petroleum products (4 percent); and tobacco (2 percent).",prce,Aug,2026-08-31T00:00:00Z,INSEE,https://www.insee.fr,,2.1,2.4,,2.1,2.4,EUR,%,-1,2026-09-15T06:45:00.000Z,2026-09-13T18:10:47.977564+00:00
400790,Harmonised Inflation Rate MoM Final,FR,Harmonised Inflation Rate MoM,ECONOMICS:FRHIRMM,,prce,Aug,2026-08-31T00:00:00Z,INSEE,https://www.insee.fr,,0.6,0.8,,0.6,0.8,EUR,%,-1,2026-09-15T06:45:00.000Z,2026-09-13T18:10:47.977581+00:00
400309,Harmonised Inflation Rate YoY Final,FR,Harmonised Inflation Rate YoY,ECONOMICS:FRHIRYY,"The Harmonised Index of Consumer Prices (HICP) is an indicator of inflation and price stability for the European Central Bank (ECB). The HICP is compiled by Eurostat and the national statistical institutes in accordance with harmonised statistical methods. The ECB aims to maintain annual inflation rates as measured by the HICP below, but close to, 2% over the medium term.",prce,Aug,2026-08-31T00:00:00Z,INSEE,https://www.insee.fr,,2.4,2.7,,2.4,2.7,EUR,%,-1,2026-09-15T06:45:00.000Z,2026-09-13T18:10:47.977598+00:00
402384,Inflation Rate MoM Final,FR,Inflation Rate Mom,ECONOMICS:FRIRMM,"In France, the most important category in the consumer price index is services (48 percent of total weight), in particular actual rentals and services for dwellings (7 percent), health services (6 percent), transport (3 percent), and communication (2 percent). The index also includes: manufactured products (26 percent) such as medical products (4 percent) and clothing and footwear (4 percent); food (16 percent); energy (8 percent) such as petroleum products (4 percent); and tobacco (2 percent).",prce,Aug,2026-08-31T00:00:00Z,INSEE,https://www.insee.fr,,0.6,0.7,,0.6,0.7,EUR,%,-1,2026-09-15T06:45:00.000Z,2026-09-13T18:10:47.977615+00:00
401537,Harmonised Inflation Rate YoY Final,ES,Harmonised Inflation Rate YoY,ECONOMICS:ESHIRYY,"The Harmonised Index of Consumer Prices (HICP) is an indicator of inflation and price stability for the European Central Bank (ECB). The HICP is compiled by Eurostat and the national statistical institutes in accordance with harmonised statistical methods. The ECB aims to maintain annual inflation rates as measured by the HICP below, but close to, 2% over the medium term.",prce,Aug,2026-08-31T00:00:00Z,National Statistics Institute (INE),https://www.ine.es/,,3.9,4.5,,3.9,4.5,EUR,%,-1,2026-09-15T07:00:00.000Z,2026-09-13T18:10:47.977662+00:00
401169,Core Inflation Rate YoY Final,ES,Core Inflation Rate,ECONOMICS:ESCIR,"In Spain, the core inflation rate tracks changes in prices that consumers pay for a basket of goods which excludes some volatile price items.",prce,Aug,2026-08-31T00:00:00Z,National Statistics Institute (INE),https://www.ine.es/,,3.0,,,3.0,,EUR,%,-1,2026-09-15T07:00:00.000Z,2026-09-13T18:10:47.977681+00:00
402289,Harmonised Inflation Rate MoM Final,ES,Harmonised Inflation Rate MoM,ECONOMICS:ESHIRMM,,prce,Aug,2026-08-31T00:00:00Z,National Statistics Institute (INE),https://www.ine.es/,,0.0,0.6,,0.0,0.6,EUR,%,-1,2026-09-15T07:00:00.000Z,2026-09-13T18:10:47.977699+00:00
402801,Inflation Rate MoM Final,ES,Inflation Rate Mom,ECONOMICS:ESIRMM,Inflation Rate MoM measures month over month change in the price of goods and services.,prce,Aug,2026-08-31T00:00:00Z,National Statistics Institute (INE),https://www.ine.es/,,0.3,0.7,,0.3,0.7,EUR,%,-1,2026-09-15T07:00:00.000Z,2026-09-13T18:10:47.977716+00:00
402465,Inflation Rate YoY Final,ES,Inflation Rate,ECONOMICS:ESIRYY,"In Spain, the most important categories in the Consumer Price Index are: Foods & Non-alcoholic Beverages (23% of the total weight), Housing, Water, Electricity, Gas & Other Fuels (14%), Restaurants & Hotels (13%) and Transport (13%). The index also includes: Recreation & Culture (6%), Miscellaneous Goods & Services (6%), Clothing & Footwear (6%), Furnishings, Household Equipment & Routine Maintenance (6%), Health (4%), Communications (4%), Alcoholic Beverages & Tobacco (3%), and Education (2%).",prce,Aug,2026-08-31T00:00:00Z,National Statistics Institute (INE),https://www.ine.es/,,3.6,4.3,,3.6,4.3,EUR,%,-1,2026-09-15T07:00:00.000Z,2026-09-13T18:10:47.977733+00:00
407036,Balance of Trade,IT,Balance of Trade,ECONOMICS:ITBOT,"Italy consistently records trade surpluses, although soaring energy costs in 2022 inflated the price of purchases and drove the Italian economy to import more than it exports during a short period. Italy’s main exports include base metals, chemicals, transportation equipment, and pharmaceutical goods, while the main imports are machinery and energy. The largest exporting partners are France, Germany, and the United States, while the main importing partners are Germany, France, China, and OPEC nations.",trd,Jul,2026-07-31T00:00:00Z,National Institute of Statistics (ISTAT),https://www.istat.it,,4.232,4.77,,4232000000.0,4770000000.0,EUR,€,0,2026-09-15T08:00:00.000Z,2026-09-13T18:10:47.977750+00:00
400394,ZEW Economic Sentiment Index,DE,Zew Economic Sentiment Index,ECONOMICS:DEESI,"In Germany, the ZEW Economic Sentiment Index measures the level of optimism that analysts have about the expected economic developments over the next 6 months. The survey covers up to 350 financial and economic analysts. The index is constructed as the difference between the percentage share of analysts that are optimistic and the percentage of analysts that are pessimistic about the development of the economy. Therefore, the ZEW indicator measures the confidence on a scale of -100 (all analysts expect the economy to deteriorate) up to 100 (all analysts expect it to improve). A 0 value indicates neutrality.",bsnss,Sep,2026-09-30T00:00:00Z,Centre for European Economic Research (ZEW),http://www.zew.de,,34.2,37.0,,34.2,37.0,EUR,,1,2026-09-15T09:00:00.000Z,2026-09-13T18:10:47.977768+00:00
421285,Treasury Gilt 2029 Auction,GB,3 Year Note Yield,,,bnd,,,,,,4.463,,,4.463,,GBP,%,-1,2026-09-15T09:00:00.000Z,2026-09-13T18:10:47.977785+00:00
421286,Treasury Gilt 2040 Auction,GB,15 Year Bond Yield,,,bnd,,,,,,5.048,,,5.048,,GBP,%,-1,2026-09-15T09:00:00.000Z,2026-09-13T18:10:47.977803+00:00
401313,ZEW Current Conditions,DE,Zew Current Conditions,ECONOMICS:DEZCC,"In Germany, the ZEW Current Conditions Index measures the level of optimism that analysts have about the current economic situation. The survey covers up to 350 financial and economic analysts. The index is constructed as the difference between the percentage share of analysts that are optimistic and the percentage of analysts that are pessimistic about the economy. Therefore, the ZEW indicator measures the confidence on a scale of -100 (all analysts see deteriorating economic conditions) up to 100 (all analysts see improving economic conditions). A 0 value indicates neutrality.",bsnss,Sep,2026-09-30T00:00:00Z,Centre for European Economic Research (ZEW),http://www.zew.de,,-61.1,-53.0,,-61.1,-53.0,EUR,,-1,2026-09-15T09:00:00.000Z,2026-09-13T18:10:47.977819+00:00
401791,FDI (YTD) YoY,CN,Foreign Direct Investment YoY,,"In China, Foreign Direct Investment refers to foreign capital actually utilized, which is to the amount which has been actually used according to the agreements and contracts, including cash, materials and invisible capital such as labor service and technology which both parties agree to take as an investment.",trd,Aug,2026-08-31T00:00:00Z,Ministry of Commerce,http://www.mofcom.gov.cn,,-6.2,,,-6.2,,CNY,%,0,2026-09-15T09:00:00.000Z,2026-09-13T18:10:47.977836+00:00
417414,2-Year Schatz Auction,DE,2 Year Note Yield,,,bnd,,,Department of Treasury,https://www.deutsche-finanzagentur.de,,2.85,,,2.85,,EUR,%,-1,2026-09-15T09:30:00.000Z,2026-09-13T18:10:47.977853+00:00
397845,ADP Employment Change Weekly,US,ADP Employment Change Weekly,,The preliminary estimate of the ADP National Employment Report reflects weekly changes in private employment and includes a four-week moving average of total private employment variation.,lbr,,2026-08-29T00:00:00Z,"Automatic Data Processing, Inc.",https://adpemploymentreport.com/,,12.0,,,12000.0,,USD,,0,2026-09-15T12:15:00.000Z,2026-09-13T18:10:47.977870+00:00
411665,Wholesale Sales MoM Final,CA,Wholesale Sales,ECONOMICS:CAWS,"The Monthly Wholesale Trade Survey presents estimates of monthly sales for wholesale merchants in Canada, providing information on the performance of the wholesale trade sector as an important indicator of the health of the Canadian economy. In addition, the business community uses the data to analyse market performance.",bsnss,Jul,2026-07-31T00:00:00Z,Statistics Canada,https://www150.statcan.gc.ca,,2.8,-0.6,,2.8,-0.6,CAD,%,-1,2026-09-15T12:30:00.000Z,2026-09-13T18:10:47.977887+00:00
411627,New Motor Vehicle Sales,CA,Car Registrations,ECONOMICS:CACAR,"In Canada, New Motor Vehicle Sales refers to the number of new motor vehicles sold during a month, including passenger cars and trucks.",bsnss,Jul,2026-07-31T00:00:00Z,Statistics Canada,https://www.statcan.gc.ca,,190.2,,,190200.0,,CAD,,-1,2026-09-15T12:30:00.000Z,2026-09-13T18:10:47.977904+00:00
398967,NY Empire State Manufacturing Index,US,Ny Empire State Manufacturing Index,ECONOMICS:USNYESMI,"New York Empire State Manufacturing Index is based on data compiled from the survey of 200 executives from the companies in the manufacturing sector in the New York State. Participants report the change in 11 indicators including level of general business activity, new orders, shipments, inventories, number of employees, delivery time, capital expenditure from the previous month and the likely direction of these indicators in six months. A reading above 0 indicates manufacturing activity is expanding, below 0 is contracting.",bsnss,Sep,2026-09-30T00:00:00Z,Federal Reserve Bank of New York,https://www.newyorkfed.org,,20.6,15.0,,20.6,15.0,USD,,0,2026-09-15T12:30:00.000Z,2026-09-13T18:10:47.977921+00:00
396796,Redbook YoY,US,Redbook Index,ECONOMICS:USRI,"The Johnson Redbook Index is a sales-weighted of year-over-year same-store sales growth in a sample of large US general merchandise retailers representing about 9,000 stores. Same-store sales are sales in stores continuously open for 12 months or longer. By dollar value, the Index represents over 80% of the equivalent 'official' retail sales series collected and published by the US Department of Commerce. Redbook compiles the Index by collecting and interpreting performance estimates from retailers. The Index and its sub-groups are sales-weighted aggregates of these estimates. Weeks are retail weeks (Sunday to Saturday), and equally weighted within the month.",cnsm,Sep/12,2026-09-12T00:00:00Z,Redbook Research Inc.,http://www.redbookresearch.com/,,8.3,,,8.3,,USD,,-1,2026-09-15T12:55:00.000Z,2026-09-13T18:10:47.977937+00:00
421310,BoE Wilkins Speech,GB,Interest Rate,ECONOMICS:GBINTR,"In the United Kingdom, benchmark interest rate is set by the Monetary Policy Committee (MPC). The Bank of England official interest rate is the repo rate. This repo rate applies to open market operations of the Bank of England with a group of counterparties (banks, building societies, securities firms).",mny,,,Central Bank,https://www.bankofengland.co.uk,,,,,,,GBP,,-1,2026-09-15T15:00:00.000Z,2026-09-13T18:10:47.977963+00:00
420093,6-Week Bill Auction,US,Calendar,,,gov,,,,,,3.74,,,3.74,,USD,%,-1,2026-09-15T15:30:00.000Z,2026-09-13T18:10:47.977980+00:00
419455,NOPA Crush Report,US,Calendar,,,gov,,,,,,,,,,,USD,,-1,2026-09-15T16:00:00.000Z,2026-09-13T18:10:47.977998+00:00
420055,20-Year Bond Auction,US,20 Year Bond Yield,,,bnd,,,,,,5.204,,,5.204,,USD,%,-1,2026-09-15T17:00:00.000Z,2026-09-13T18:10:47.978015+00:00
396793,6-Month Bill Auction,US,6 Month Bill Yield,,,bnd,,,Federal Reserve,http://www.treasurydirect.gov,,3.89,,,3.89,,USD,%,-1,2026-09-14T15:30:00.000Z,2026-09-14T04:40:29.434873+00:00
396794,3-Month Bill Auction,US,3 Month Bill Yield,,,bnd,,,Federal Reserve,http://www.treasurydirect.gov,,3.8,,,3.8,,USD,%,-1,2026-09-14T15:30:00.000Z,2026-09-14T04:40:29.435191+00:00
